"BRANCH_CODE","YEAR","MONTH","HOLIDAY_LIST"
"000",2020,1,"WWWWHWWWWWWHWWWWWWHWWWWWWHWWWWW"
"000",2020,2,"WHWWWWWWHWWWWWWHWWWWWWHWWWWWW"
"000",2020,3,"HWWWWWWHWWWWWWHWWWWWWHWWWWWWHWW"
"000",2020,4,"WWWWHWWWWWWHWWWWWWHWWWWWWHWWWW"
"000",2020,5,"WWHWWWWWWHWWWWWWHWWWWWWHWWWWWWH"
"000",2020,6,"WWWWWWHWWWWWWHWWWWWWHWWWWWWHWW"
"000",2020,7,"WWWWHWWWWWWHWWWWWWHWWWWWWHWWWWW"
"000",2020,8,"WHWWWWWWHWWWWWWHWWWWWWHWWWWWWHW"
"000",2020,9,"WWWWWHWWWWWWHWWWWWWHWWWWWWHWWW"
"000",2020,10,"WWWHWWHHHHHHHHWWWHWWWWWWHWWWWWW"
"000",2020,11,"HHWHHHHHHHHHHHHHHHWHHHHHHHHWHW"
"000",2020,12,"WWWWWHWWWWWWHWWWWWWWWWWWWWHWWWW"
"000",2021,1,"WWHWWWWWWHWWWWWWHWWWWWWHWWWWWWH"
"000",2021,2,"WWWWWWHWWWWWWHWWWWWWHWWWWWWH"
"000",2021,3,"WWWWWWHWWWWWWHWWWWWWHWWWWWWHWWW"
"000",2021,4,"WWWHWWWWWWHWWWWWWHWWWWWWHWWWWW"
"000",2021,5,"WHWWWWWWHWWWWWWHWWWWWWHWWWWWWHW"
"000",2021,6,"WWWWWHWWWWWWHWWWWWWHWWWWWWHWWW"
"000",2021,7,"WWWHWWWWWWHWWWWWWHWWWWWWHWWWWWW"
"000",2021,8,"HWWWWWWHWWWWWWHWWWWWWHWWWWWWHWW"
"000",2021,9,"WWWWHWWWWWWHWWWWWWHWWWWWWHWWWW"
"000",2021,10,"WWHWWWWWWHWWWWWWHWWWWWWHWWWWWWH"
"000",2021,11,"WWWWWWHWWWWWWHWWWWWWHWWWWWWHWW"
"000",2021,12,"WWWWHWWWWWWHWWWWWWHWWWWWWHWWWWW"
"000",2022,1,"WHWWWWWWHWWWWWWHWWWWWWHWWWWWWHW"
"000",2022,2,"WWWWWHWWWWWWHWWWWWWHWWWWWWHW"
"000",2022,3,"WWWWWHWWWWWWHWWWWWWHWWWWWWHWWWW"
"000",2022,4,"WWHWWWWWWHWWWWWWHWWWWWWHWWWWWW"
"000",2022,5,"HWWWWWWHWWWWWWHWWWWWWHWWWWWWHWW"
"000",2022,6,"WWWWHWWWWWWHWWWWWWHWWWWWWHWWWW"
"000",2022,7,"WWHWWWWWWHWWWWWWHWWWWWWHWWWWWWH"
"000",2022,8,"WWWWWWHWWWWWWHWWWWWWHWWWWWWHWWW"
"000",2022,9,"WWWHWWWWWWHWWWWWWHWWWWWWHWWWWW"
"000",2022,10,"WHWWWWWWHWWWWWWHWWWWWWHWWWWWWHW"
"000",2022,11,"WWWWWHWWWWWWHWWWWWWHWWWWWWHWWW"
"000",2022,12,"WWWHWWWWWWHWWWWWWHWWWWWWHWWWWWW"
"000",2019,1,"WWWWWHWWWWWWHWWWWWWHWWWWWWHWWWW"
"000",2019,2,"WWHWWWWWWHWWWWWWHWWWWWWHWWWW"
"000",2019,3,"WWHWWWWWWHWWWWWWHWWWWWWHWWWWWWH"
"000",2019,4,"WWWWWWHWWWWWWHWWWWWWHWWWWWWHWW"
"000",2019,5,"WWWWHWWWWWWHWWWWWWHWWWWWWHWWWWW"
"000",2019,6,"WHWWWWWWHWWWWWWHWWWWWWHWWWWWWH"
"000",2019,7,"WWWWWWHWWWWWWHWWWWWWHWWWWWWHWWW"
"000",2019,8,"WWWHWWWWWWHWWWWWWHWWWWWWHWWWWWW"
"000",2019,9,"HWWWWWWHWWWWWWHWWWWWWHWWWWWWHW"
"000",2019,10,"WWWWWHWWWWWWHWWWWWWHWWWWWWHWWWW"
"000",2019,11,"WWHWWWWWWHWWWWWWHWWWWWWHWWWWWW"
"000",2019,12,"HWWWWWWHWWWWWWHWWWWWWHWWWWWWHWW"
